{
  "HTTP Request-1" : {
    "transaction" : "HTTP Request-1",
    "sampleCount" : 1,
    "errorCount" : 0,
    "errorPct" : 0.0,
    "meanResTime" : 77.0,
    "medianResTime" : 77.0,
    "minResTime" : 77.0,
    "maxResTime" : 77.0,
    "pct1ResTime" : 77.0,
    "pct2ResTime" : 77.0,
    "pct3ResTime" : 77.0,
    "throughput" : 12.987012987012989,
    "receivedKBytesPerSec" : 243.30357142857144,
    "sentKBytesPerSec" : 1.4838676948051948
  },
  "Total" : {
    "transaction" : "Total",
    "sampleCount" : 3,
    "errorCount" : 0,
    "errorPct" : 0.0,
    "meanResTime" : 1481.3333333333335,
    "medianResTime" : 2144.0,
    "minResTime" : 77.0,
    "maxResTime" : 2223.0,
    "pct1ResTime" : 2223.0,
    "pct2ResTime" : 2223.0,
    "pct3ResTime" : 2223.0,
    "throughput" : 1.3495276653171389,
    "receivedKBytesPerSec" : 17.58603238866397,
    "sentKBytesPerSec" : 0.20207771030139451
  },
  "HTTP Request-0" : {
    "transaction" : "HTTP Request-0",
    "sampleCount" : 1,
    "errorCount" : 0,
    "errorPct" : 0.0,
    "meanResTime" : 2144.0,
    "medianResTime" : 2144.0,
    "minResTime" : 2144.0,
    "maxResTime" : 2144.0,
    "pct1ResTime" : 2144.0,
    "pct2ResTime" : 2144.0,
    "pct3ResTime" : 2144.0,
    "throughput" : 0.4664179104477612,
    "receivedKBytesPerSec" : 0.37896455223880593,
    "sentKBytesPerSec" : 0.05146994519589552
  },
  "HTTP Request" : {
    "transaction" : "HTTP Request",
    "sampleCount" : 1,
    "errorCount" : 0,
    "errorPct" : 0.0,
    "meanResTime" : 2223.0,
    "medianResTime" : 2223.0,
    "minResTime" : 2223.0,
    "maxResTime" : 2223.0,
    "pct1ResTime" : 2223.0,
    "pct2ResTime" : 2223.0,
    "pct3ResTime" : 2223.0,
    "throughput" : 0.449842555105713,
    "receivedKBytesPerSec" : 8.793016194331985,
    "sentKBytesPerSec" : 0.10103885515069726
  }
}