{
  "HTTP Request-1" : {
    "transaction" : "HTTP Request-1",
    "sampleCount" : 1,
    "errorCount" : 0,
    "errorPct" : 0.0,
    "meanResTime" : 102.0,
    "medianResTime" : 102.0,
    "minResTime" : 102.0,
    "maxResTime" : 102.0,
    "pct1ResTime" : 102.0,
    "pct2ResTime" : 102.0,
    "pct3ResTime" : 102.0,
    "throughput" : 9.803921568627452,
    "receivedKBytesPerSec" : 183.64162071078434,
    "sentKBytesPerSec" : 1.1201746323529413
  },
  "Total" : {
    "transaction" : "Total",
    "sampleCount" : 3,
    "errorCount" : 0,
    "errorPct" : 0.0,
    "meanResTime" : 840.0,
    "medianResTime" : 1157.0,
    "minResTime" : 102.0,
    "maxResTime" : 1261.0,
    "pct1ResTime" : 1261.0,
    "pct2ResTime" : 1261.0,
    "pct3ResTime" : 1261.0,
    "throughput" : 2.379064234734338,
    "receivedKBytesPerSec" : 30.997534199048378,
    "sentKBytesPerSec" : 0.3562400872323553
  },
  "HTTP Request-0" : {
    "transaction" : "HTTP Request-0",
    "sampleCount" : 1,
    "errorCount" : 0,
    "errorPct" : 0.0,
    "meanResTime" : 1157.0,
    "medianResTime" : 1157.0,
    "minResTime" : 1157.0,
    "maxResTime" : 1157.0,
    "pct1ResTime" : 1157.0,
    "pct2ResTime" : 1157.0,
    "pct3ResTime" : 1157.0,
    "throughput" : 0.8643042350907519,
    "receivedKBytesPerSec" : 0.7022471910112359,
    "sentKBytesPerSec" : 0.09537732281763181
  },
  "HTTP Request" : {
    "transaction" : "HTTP Request",
    "sampleCount" : 1,
    "errorCount" : 0,
    "errorPct" : 0.0,
    "meanResTime" : 1261.0,
    "medianResTime" : 1261.0,
    "minResTime" : 1261.0,
    "maxResTime" : 1261.0,
    "pct1ResTime" : 1261.0,
    "pct2ResTime" : 1261.0,
    "pct3ResTime" : 1261.0,
    "throughput" : 0.7930214115781126,
    "receivedKBytesPerSec" : 15.498767099524189,
    "sentKBytesPerSec" : 0.17812004361617764
  }
}