{
  "HTTP Request-1" : {
    "transaction" : "HTTP Request-1",
    "sampleCount" : 1,
    "errorCount" : 0,
    "errorPct" : 0.0,
    "meanResTime" : 77.0,
    "medianResTime" : 77.0,
    "minResTime" : 77.0,
    "maxResTime" : 77.0,
    "pct1ResTime" : 77.0,
    "pct2ResTime" : 77.0,
    "pct3ResTime" : 77.0,
    "throughput" : 12.987012987012989,
    "receivedKBytesPerSec" : 243.7981939935065,
    "sentKBytesPerSec" : 1.4838676948051948
  },
  "Total" : {
    "transaction" : "Total",
    "sampleCount" : 3,
    "errorCount" : 0,
    "errorPct" : 0.0,
    "meanResTime" : 690.0,
    "medianResTime" : 957.0,
    "minResTime" : 77.0,
    "maxResTime" : 1036.0,
    "pct1ResTime" : 1036.0,
    "pct2ResTime" : 1036.0,
    "pct3ResTime" : 1036.0,
    "throughput" : 2.8957528957528957,
    "receivedKBytesPerSec" : 37.808804898648646,
    "sentKBytesPerSec" : 0.43360883204633205
  },
  "HTTP Request-0" : {
    "transaction" : "HTTP Request-0",
    "sampleCount" : 1,
    "errorCount" : 0,
    "errorPct" : 0.0,
    "meanResTime" : 957.0,
    "medianResTime" : 957.0,
    "minResTime" : 957.0,
    "maxResTime" : 957.0,
    "pct1ResTime" : 957.0,
    "pct2ResTime" : 957.0,
    "pct3ResTime" : 957.0,
    "throughput" : 1.0449320794148382,
    "receivedKBytesPerSec" : 0.8490073145245559,
    "sentKBytesPerSec" : 0.11530988766980146
  },
  "HTTP Request" : {
    "transaction" : "HTTP Request",
    "sampleCount" : 1,
    "errorCount" : 0,
    "errorPct" : 0.0,
    "meanResTime" : 1036.0,
    "medianResTime" : 1036.0,
    "minResTime" : 1036.0,
    "maxResTime" : 1036.0,
    "pct1ResTime" : 1036.0,
    "pct2ResTime" : 1036.0,
    "pct3ResTime" : 1036.0,
    "throughput" : 0.9652509652509653,
    "receivedKBytesPerSec" : 18.904402449324323,
    "sentKBytesPerSec" : 0.21680441602316602
  }
}