{
  "HTTP Request-1" : {
    "transaction" : "HTTP Request-1",
    "sampleCount" : 1,
    "errorCount" : 0,
    "errorPct" : 0.0,
    "meanResTime" : 95.0,
    "medianResTime" : 95.0,
    "minResTime" : 95.0,
    "maxResTime" : 95.0,
    "pct1ResTime" : 95.0,
    "pct2ResTime" : 95.0,
    "pct3ResTime" : 95.0,
    "throughput" : 10.526315789473683,
    "receivedKBytesPerSec" : 198.2627467105263,
    "sentKBytesPerSec" : 1.2027138157894737
  },
  "Total" : {
    "transaction" : "Total",
    "sampleCount" : 3,
    "errorCount" : 0,
    "errorPct" : 0.0,
    "meanResTime" : 1068.0,
    "medianResTime" : 1506.0,
    "minResTime" : 95.0,
    "maxResTime" : 1603.0,
    "pct1ResTime" : 1603.0,
    "pct2ResTime" : 1603.0,
    "pct3ResTime" : 1603.0,
    "throughput" : 1.8714909544603868,
    "receivedKBytesPerSec" : 24.513363615096694,
    "sentKBytesPerSec" : 0.28023627573300064
  },
  "HTTP Request-0" : {
    "transaction" : "HTTP Request-0",
    "sampleCount" : 1,
    "errorCount" : 0,
    "errorPct" : 0.0,
    "meanResTime" : 1506.0,
    "medianResTime" : 1506.0,
    "minResTime" : 1506.0,
    "maxResTime" : 1506.0,
    "pct1ResTime" : 1506.0,
    "pct2ResTime" : 1506.0,
    "pct3ResTime" : 1506.0,
    "throughput" : 0.6640106241699867,
    "receivedKBytesPerSec" : 0.5395086321381142,
    "sentKBytesPerSec" : 0.0732746098937583
  },
  "HTTP Request" : {
    "transaction" : "HTTP Request",
    "sampleCount" : 1,
    "errorCount" : 0,
    "errorPct" : 0.0,
    "meanResTime" : 1603.0,
    "medianResTime" : 1603.0,
    "minResTime" : 1603.0,
    "maxResTime" : 1603.0,
    "pct1ResTime" : 1603.0,
    "pct2ResTime" : 1603.0,
    "pct3ResTime" : 1603.0,
    "throughput" : 0.6238303181534622,
    "receivedKBytesPerSec" : 12.256681807548347,
    "sentKBytesPerSec" : 0.14011813786650032
  }
}