{
  "HTTP Request-1" : {
    "transaction" : "HTTP Request-1",
    "sampleCount" : 1,
    "errorCount" : 0,
    "errorPct" : 0.0,
    "meanResTime" : 253.0,
    "medianResTime" : 253.0,
    "minResTime" : 253.0,
    "maxResTime" : 253.0,
    "pct1ResTime" : 253.0,
    "pct2ResTime" : 253.0,
    "pct3ResTime" : 253.0,
    "throughput" : 3.952569169960474,
    "receivedKBytesPerSec" : 74.30366847826087,
    "sentKBytesPerSec" : 0.4516119071146245
  },
  "Total" : {
    "transaction" : "Total",
    "sampleCount" : 3,
    "errorCount" : 0,
    "errorPct" : 0.0,
    "meanResTime" : 696.0,
    "medianResTime" : 791.0,
    "minResTime" : 253.0,
    "maxResTime" : 1044.0,
    "pct1ResTime" : 1044.0,
    "pct2ResTime" : 1044.0,
    "pct3ResTime" : 1044.0,
    "throughput" : 2.8735632183908044,
    "receivedKBytesPerSec" : 37.5695941091954,
    "sentKBytesPerSec" : 0.4302861590038314
  },
  "HTTP Request-0" : {
    "transaction" : "HTTP Request-0",
    "sampleCount" : 1,
    "errorCount" : 0,
    "errorPct" : 0.0,
    "meanResTime" : 791.0,
    "medianResTime" : 791.0,
    "minResTime" : 791.0,
    "maxResTime" : 791.0,
    "pct1ResTime" : 791.0,
    "pct2ResTime" : 791.0,
    "pct3ResTime" : 791.0,
    "throughput" : 1.2642225031605563,
    "receivedKBytesPerSec" : 1.0271807838179519,
    "sentKBytesPerSec" : 0.13950892857142858
  },
  "HTTP Request" : {
    "transaction" : "HTTP Request",
    "sampleCount" : 1,
    "errorCount" : 0,
    "errorPct" : 0.0,
    "meanResTime" : 1044.0,
    "medianResTime" : 1044.0,
    "minResTime" : 1044.0,
    "maxResTime" : 1044.0,
    "pct1ResTime" : 1044.0,
    "pct2ResTime" : 1044.0,
    "pct3ResTime" : 1044.0,
    "throughput" : 0.9578544061302682,
    "receivedKBytesPerSec" : 18.7847970545977,
    "sentKBytesPerSec" : 0.2151430795019157
  }
}