{
  "HTTP Request-1" : {
    "transaction" : "HTTP Request-1",
    "sampleCount" : 1,
    "errorCount" : 0,
    "errorPct" : 0.0,
    "meanResTime" : 95.0,
    "medianResTime" : 95.0,
    "minResTime" : 95.0,
    "maxResTime" : 95.0,
    "pct1ResTime" : 95.0,
    "pct2ResTime" : 95.0,
    "pct3ResTime" : 95.0,
    "throughput" : 10.526315789473683,
    "receivedKBytesPerSec" : 197.01891447368422,
    "sentKBytesPerSec" : 1.2027138157894737
  },
  "Total" : {
    "transaction" : "Total",
    "sampleCount" : 3,
    "errorCount" : 0,
    "errorPct" : 0.0,
    "meanResTime" : 709.0,
    "medianResTime" : 968.0,
    "minResTime" : 95.0,
    "maxResTime" : 1064.0,
    "pct1ResTime" : 1064.0,
    "pct2ResTime" : 1064.0,
    "pct3ResTime" : 1064.0,
    "throughput" : 2.819548872180451,
    "receivedKBytesPerSec" : 36.709204652255636,
    "sentKBytesPerSec" : 0.42219807330827064
  },
  "HTTP Request-0" : {
    "transaction" : "HTTP Request-0",
    "sampleCount" : 1,
    "errorCount" : 0,
    "errorPct" : 0.0,
    "meanResTime" : 968.0,
    "medianResTime" : 968.0,
    "minResTime" : 968.0,
    "maxResTime" : 968.0,
    "pct1ResTime" : 968.0,
    "pct2ResTime" : 968.0,
    "pct3ResTime" : 968.0,
    "throughput" : 1.0330578512396695,
    "receivedKBytesPerSec" : 0.8393595041322315,
    "sentKBytesPerSec" : 0.11399954803719009
  },
  "HTTP Request" : {
    "transaction" : "HTTP Request",
    "sampleCount" : 1,
    "errorCount" : 0,
    "errorPct" : 0.0,
    "meanResTime" : 1064.0,
    "medianResTime" : 1064.0,
    "minResTime" : 1064.0,
    "maxResTime" : 1064.0,
    "pct1ResTime" : 1064.0,
    "pct2ResTime" : 1064.0,
    "pct3ResTime" : 1064.0,
    "throughput" : 0.9398496240601504,
    "receivedKBytesPerSec" : 18.354602326127818,
    "sentKBytesPerSec" : 0.21109903665413532
  }
}