{
  "HTTP Request-1" : {
    "transaction" : "HTTP Request-1",
    "sampleCount" : 1,
    "errorCount" : 0,
    "errorPct" : 0.0,
    "meanResTime" : 94.0,
    "medianResTime" : 94.0,
    "minResTime" : 94.0,
    "maxResTime" : 94.0,
    "pct1ResTime" : 94.0,
    "pct2ResTime" : 94.0,
    "pct3ResTime" : 94.0,
    "throughput" : 10.638297872340425,
    "receivedKBytesPerSec" : 198.54346742021278,
    "sentKBytesPerSec" : 1.2155086436170213
  },
  "Total" : {
    "transaction" : "Total",
    "sampleCount" : 3,
    "errorCount" : 0,
    "errorPct" : 0.0,
    "meanResTime" : 660.3333333333333,
    "medianResTime" : 895.0,
    "minResTime" : 94.0,
    "maxResTime" : 992.0,
    "pct1ResTime" : 992.0,
    "pct2ResTime" : 992.0,
    "pct3ResTime" : 992.0,
    "throughput" : 3.0241935483870965,
    "receivedKBytesPerSec" : 39.26529422883065,
    "sentKBytesPerSec" : 0.4528414818548387
  },
  "HTTP Request-0" : {
    "transaction" : "HTTP Request-0",
    "sampleCount" : 1,
    "errorCount" : 0,
    "errorPct" : 0.0,
    "meanResTime" : 895.0,
    "medianResTime" : 895.0,
    "minResTime" : 895.0,
    "maxResTime" : 895.0,
    "pct1ResTime" : 895.0,
    "pct2ResTime" : 895.0,
    "pct3ResTime" : 895.0,
    "throughput" : 1.1173184357541899,
    "receivedKBytesPerSec" : 0.9078212290502793,
    "sentKBytesPerSec" : 0.12329783519553073
  },
  "HTTP Request" : {
    "transaction" : "HTTP Request",
    "sampleCount" : 1,
    "errorCount" : 0,
    "errorPct" : 0.0,
    "meanResTime" : 992.0,
    "medianResTime" : 992.0,
    "minResTime" : 992.0,
    "maxResTime" : 992.0,
    "pct1ResTime" : 992.0,
    "pct2ResTime" : 992.0,
    "pct3ResTime" : 992.0,
    "throughput" : 1.0080645161290323,
    "receivedKBytesPerSec" : 19.632647114415324,
    "sentKBytesPerSec" : 0.22642074092741934
  }
}