{
  "HTTP Request-1" : {
    "transaction" : "HTTP Request-1",
    "sampleCount" : 1,
    "errorCount" : 0,
    "errorPct" : 0.0,
    "meanResTime" : 85.0,
    "medianResTime" : 85.0,
    "minResTime" : 85.0,
    "maxResTime" : 85.0,
    "pct1ResTime" : 85.0,
    "pct2ResTime" : 85.0,
    "pct3ResTime" : 85.0,
    "throughput" : 11.76470588235294,
    "receivedKBytesPerSec" : 221.3579963235294,
    "sentKBytesPerSec" : 1.3442095588235292
  },
  "Total" : {
    "transaction" : "Total",
    "sampleCount" : 3,
    "errorCount" : 0,
    "errorPct" : 0.0,
    "meanResTime" : 954.6666666666667,
    "medianResTime" : 1347.0,
    "minResTime" : 85.0,
    "maxResTime" : 1432.0,
    "pct1ResTime" : 1432.0,
    "pct2ResTime" : 1432.0,
    "pct3ResTime" : 1432.0,
    "throughput" : 2.094972067039106,
    "receivedKBytesPerSec" : 27.413309619413408,
    "sentKBytesPerSec" : 0.3137002444134078
  },
  "HTTP Request-0" : {
    "transaction" : "HTTP Request-0",
    "sampleCount" : 1,
    "errorCount" : 0,
    "errorPct" : 0.0,
    "meanResTime" : 1347.0,
    "medianResTime" : 1347.0,
    "minResTime" : 1347.0,
    "maxResTime" : 1347.0,
    "pct1ResTime" : 1347.0,
    "pct2ResTime" : 1347.0,
    "pct3ResTime" : 1347.0,
    "throughput" : 0.7423904974016332,
    "receivedKBytesPerSec" : 0.603192279138827,
    "sentKBytesPerSec" : 0.08192395137342243
  },
  "HTTP Request" : {
    "transaction" : "HTTP Request",
    "sampleCount" : 1,
    "errorCount" : 0,
    "errorPct" : 0.0,
    "meanResTime" : 1432.0,
    "medianResTime" : 1432.0,
    "minResTime" : 1432.0,
    "maxResTime" : 1432.0,
    "pct1ResTime" : 1432.0,
    "pct2ResTime" : 1432.0,
    "pct3ResTime" : 1432.0,
    "throughput" : 0.6983240223463687,
    "receivedKBytesPerSec" : 13.706654809706704,
    "sentKBytesPerSec" : 0.1568501222067039
  }
}