{
  "HTTP Request-1" : {
    "transaction" : "HTTP Request-1",
    "sampleCount" : 1,
    "errorCount" : 0,
    "errorPct" : 0.0,
    "meanResTime" : 92.0,
    "medianResTime" : 92.0,
    "minResTime" : 92.0,
    "maxResTime" : 92.0,
    "pct1ResTime" : 92.0,
    "pct2ResTime" : 92.0,
    "pct3ResTime" : 92.0,
    "throughput" : 10.869565217391305,
    "receivedKBytesPerSec" : 203.4965183423913,
    "sentKBytesPerSec" : 1.2419327445652175
  },
  "Total" : {
    "transaction" : "Total",
    "sampleCount" : 3,
    "errorCount" : 0,
    "errorPct" : 0.0,
    "meanResTime" : 606.3333333333333,
    "medianResTime" : 817.0,
    "minResTime" : 92.0,
    "maxResTime" : 910.0,
    "pct1ResTime" : 910.0,
    "pct2ResTime" : 910.0,
    "pct3ResTime" : 910.0,
    "throughput" : 3.2967032967032965,
    "receivedKBytesPerSec" : 42.93226304945055,
    "sentKBytesPerSec" : 0.493646978021978
  },
  "HTTP Request-0" : {
    "transaction" : "HTTP Request-0",
    "sampleCount" : 1,
    "errorCount" : 0,
    "errorPct" : 0.0,
    "meanResTime" : 817.0,
    "medianResTime" : 817.0,
    "minResTime" : 817.0,
    "maxResTime" : 817.0,
    "pct1ResTime" : 817.0,
    "pct2ResTime" : 817.0,
    "pct3ResTime" : 817.0,
    "throughput" : 1.2239902080783354,
    "receivedKBytesPerSec" : 0.9944920440636476,
    "sentKBytesPerSec" : 0.13506923194614445
  },
  "HTTP Request" : {
    "transaction" : "HTTP Request",
    "sampleCount" : 1,
    "errorCount" : 0,
    "errorPct" : 0.0,
    "meanResTime" : 910.0,
    "medianResTime" : 910.0,
    "minResTime" : 910.0,
    "maxResTime" : 910.0,
    "pct1ResTime" : 910.0,
    "pct2ResTime" : 910.0,
    "pct3ResTime" : 910.0,
    "throughput" : 1.098901098901099,
    "receivedKBytesPerSec" : 21.466131524725274,
    "sentKBytesPerSec" : 0.246823489010989
  }
}